max,min,ptp,mean,median,var,skew,kurt,rms,zero
304.9297672,-78.384246,383.31401320000003,29.891478801925086,2.4001682245,4496.612058868364,[0.11744165 2.62481306 2.14739642 0.89841414 3.37234669],[-1.0625324  20.5981215  31.98054653  9.11088541 17.27198101],73.41738597794325,1.9899704458278313
